{"columns":["date","balance","equity","profit","prifit_ratio","cum_profit","cum_profit_ratio"],"index":[0,1,2,3,4,5,6,7,8,9,10,11,12,13,14,15,0],"data":[[1612454400000,10874.72,10873.92,55.47,0.5127351885,55.47,0.5127351885],[1612713600000,10902.5,10887.85,-1.61,-0.014881984,53.86,0.4978532045],[1612800000000,10943.52,10855.62,-24.57,-0.227112017,29.29,0.2707411875],[1612886400000,10973.57,10843.8,-20.89,-0.1930960535,8.4,0.077645134],[1612972800000,11011.36,10892.03,43.12,0.3985783546,51.52,0.4762234886],[1613059200000,11096.79,11022.38,117.63,1.0873091802,169.15,1.5635326687],[1613318400000,11121.92,10991.23,-37.47,-0.3463527585,131.68,1.2171799102],[1613404800000,11144.13,11030.43,53.41,0.4936936437,185.09,1.710873554],[1613491200000,11220.04,11189.77,168.22,1.5549362432,353.31,3.2658097972],[1613577600000,11291.65,11133.62,-132.06,-1.2206924282,221.25,2.0451173689],[1613664000000,11344.84,11201.5,120.97,1.1181823644,342.22,3.1632997333],[1614009600000,11162.49,10555.25,-720.6,-6.6608432816,-378.38,-3.4975435483],[1614096000000,11335.95,9380.84,-1174.41,-10.8556216464,-1552.79,-14.3531651946],[1614182400000,22140.53,22092.38,2885.0,26.6674061441,1332.21,12.3142409495],[1614873600000,23032.4,23010.98,-411.2,-3.800914179,921.01,8.5133267705],[1615132800000,23032.4,23167.21,53.0,0.4899038217,974.01,9.0032305922],[1615219200000,23019.84,22392.46,-774.75,-7.1613770919,199.26,1.8418535003]]}