{"columns":["date","balance","equity","profit","prifit_ratio","cum_profit","cum_profit_ratio"],"index":[0,1,2,3,4,5,6,7,8,9,10,11,12,13,14,15,16,17,18,19,20,21,22,23,24,25,26,27,28,29,30,31,32,33,34,35,36,37,38,39,40,41,42,43,44,45,0],"data":[[1612454400000,10874.72,10873.92,55.47,0.5127351885,55.47,0.5127351885],[1612713600000,10902.5,10887.85,-1.61,-0.014881984,53.86,0.4978532045],[1612800000000,10943.52,10855.62,-24.57,-0.227112017,29.29,0.2707411875],[1612886400000,10973.57,10843.8,-20.89,-0.1930960535,8.4,0.077645134],[1612972800000,11011.36,10892.03,43.12,0.3985783546,51.52,0.4762234886],[1613059200000,11096.79,11022.38,117.63,1.0873091802,169.15,1.5635326687],[1613318400000,11121.92,10991.23,-37.47,-0.3463527585,131.68,1.2171799102],[1613404800000,11144.13,11030.43,53.41,0.4936936437,185.09,1.710873554],[1613491200000,11220.04,11189.77,168.22,1.5549362432,353.31,3.2658097972],[1613577600000,11291.65,11133.62,-132.06,-1.2206924282,221.25,2.0451173689],[1613664000000,11344.84,11201.5,120.97,1.1181823644,342.22,3.1632997333],[1614009600000,11162.49,10555.25,-720.6,-6.6608432816,-378.38,-3.4975435483],[1614096000000,11335.95,9380.84,-1174.41,-10.8556216464,-1552.79,-14.3531651946],[1614182400000,22140.53,22092.38,2885.0,26.6674061441,1332.21,12.3142409495],[1614873600000,23032.4,23010.98,-411.2,-3.800914179,921.01,8.5133267705],[1615132800000,23032.4,23167.21,53.0,0.4899038217,974.01,9.0032305922],[1615219200000,23019.84,22392.46,-774.75,-7.1613770919,199.26,1.8418535003],[1615305600000,23396.58,22939.99,509.22,4.7069589451,708.48,6.5488124454],[1615392000000,23691.37,22229.07,-1204.45,-11.1332954351,-495.97,-4.5844829897],[1615478400000,24289.63,24004.74,1775.67,16.413349417,1279.7,11.8288664273],[1615737600000,24401.76,24216.77,212.03,1.9598925909,1491.73,13.7887590182],[1615824000000,24476.08,24187.29,-29.48,-0.2724974465,1462.25,13.5162615717],[1615910400000,24586.45,24076.21,-93.85,-0.8674995032,1368.4,12.6487620685],[1615996800000,24763.58,24553.09,527.74,4.8781479787,1896.14,17.5269100472],[1616083200000,24862.01,24541.61,-120.81,-1.1167034095,1775.33,16.4102066377],[1616342400000,24936.29,24604.74,41.66,0.3850828908,1816.99,16.7952895285],[1616428800000,25097.03,24960.57,430.11,3.9757081652,2247.1,20.7709976938],[1616515200000,25235.6,25073.84,-39.29,-0.3631758709,2207.81,20.4078218229],[1616601600000,24961.48,24924.15,-141.36,-1.3066566837,2066.45,19.1011651392],[1616688000000,24976.78,24490.74,-756.14,-6.9893561462,1310.31,12.111808993],[1616947200000,25014.85,24797.07,321.63,2.9729767203,1631.94,15.0847857133],[1617033600000,25322.64,25382.38,525.53,4.8577199137,2157.47,19.942505627],[1617120000000,25480.84,25181.37,-100.3,-0.9271198739,2057.17,19.015385753],[1617206400000,25522.17,24948.62,-323.86,-2.9935896547,1733.31,16.0217960983],[1617292800000,26190.57,25812.16,883.74,8.1688227057,2617.05,24.190618804],[1617552000000,26039.83,25732.4,546.43,5.0509084019,3163.48,29.2415272058],[1617638400000,26165.85,25970.69,235.87,2.180256876,3399.35,31.4217840818],[1617724800000,26179.74,26008.57,-39.53,-0.3653943033,3359.82,31.0563897786],[1617811200000,26227.7,25874.97,-147.49,-1.3633191446,3212.33,29.693070634],[1617897600000,26285.96,26032.91,152.06,1.4055617949,3364.39,31.0986324289],[1618156800000,26369.24,26254.2,190.67,1.7624521073,3555.06,32.8610845361],[1618243200000,26426.48,26232.27,-67.57,-0.6245811553,3487.49,32.2365033808],[1618329600000,26342.76,25880.25,-329.35,-3.0443362959,3158.14,29.1921670849],[1618416000000,26808.0,26354.18,583.33,5.3919923834,3741.47,34.5841594683],[1618502400000,26844.93,26427.35,496.3,4.5875333343,4237.77,39.1716928026],[1618761600000,26636.81,26123.74,-303.61,-2.8064094209,3934.16,36.3652833816],[1618848000000,26671.61,26349.05,14.91,0.1378201129,3949.07,36.5031034945]]}