{"columns":["date","balance","equity","profit","prifit_ratio","cum_profit","cum_profit_ratio"],"index":[1,2,3,4,5,6,7,8,9,10,11,12,13,14,15,16,17,18,19,20,21,22,23,24,25,26,27,28,29,30,31,32,33,34,35,36,37,38,39,40,41,42,43,44,45,46,47,48,49,50,51,52,53,54,55,56,57,58,59,60,61,62,63,64,65,66,67,68,69,70,71,72,73,74,75,76,77,78,79,80,81,82,83,84,85,86,87,88,89,90,91,92,0],"data":[[1612454400000,10874.72,10873.92,-7258.29,-40.029814347,-7258.29,-40.029814347],[1612713600000,10902.5,10887.85,-1.61,-0.0088792265,-7259.9,-40.0386935735],[1612800000000,10943.52,10855.62,-24.57,-0.1355047178,-7284.47,-40.1741982913],[1612886400000,10973.57,10843.8,-20.89,-0.1152093429,-7305.36,-40.2894076343],[1612972800000,11011.36,10892.03,43.12,0.2378088496,-7262.24,-40.0515987847],[1613059200000,11096.79,11022.38,117.63,0.6487350411,-7144.61,-39.4028637436],[1613318400000,11121.92,10991.23,-37.47,-0.206648831,-7182.08,-39.6095125746],[1613404800000,11144.13,11030.43,53.41,0.2945586887,-7128.67,-39.3149538859],[1613491200000,11220.04,11189.77,168.22,0.9277412957,-6960.45,-38.3872125902],[1613577600000,11291.65,11133.62,-132.06,-0.728317177,-7092.51,-39.1155297672],[1613664000000,11344.84,11201.5,120.97,0.6671552999,-6971.54,-38.4483744673],[1614009600000,11162.49,10555.25,-720.6,-3.9741432512,-7692.14,-42.4225177185],[1614096000000,11335.95,9380.84,-1174.41,-6.4769269714,-8866.55,-48.8994446899],[1614182400000,22140.53,22092.38,2885.0,15.9109121282,-5981.55,-32.9885325617],[1614873600000,23032.4,23010.98,-411.2,-2.2677875449,-6392.75,-35.2563201066],[1615132800000,23032.4,23167.21,53.0,0.2922975192,-6339.75,-34.9640225874],[1615219200000,23019.84,22392.46,-774.75,-4.272783075,-7114.5,-39.2368056624],[1615305600000,23396.58,22939.99,509.22,2.808372504,-6605.28,-36.4284331585],[1615392000000,23691.37,22229.07,-1204.45,-6.6425989992,-7809.73,-43.0710321577],[1615478400000,24289.63,24004.74,1775.67,9.7929044501,-6034.06,-33.2781277075],[1615737600000,24401.76,24216.77,212.03,1.1693555281,-5822.03,-32.1087721795],[1615824000000,24476.08,24187.29,-29.48,-0.1625836012,-5851.51,-32.2713557807],[1615910400000,24586.45,24076.21,-93.85,-0.5175872108,-5945.36,-32.7889429915],[1615996800000,24763.58,24553.09,527.74,2.9105111842,-5417.62,-29.8784318073],[1616083200000,24862.01,24541.61,-120.81,-0.6662728923,-5538.43,-30.5447046995],[1616342400000,24936.29,24604.74,41.66,0.2297568802,-5496.77,-30.3149478194],[1616428800000,25097.03,24960.57,430.11,2.3720770937,-5066.66,-27.9428707256],[1616515200000,25235.6,25073.84,-39.29,-0.2166862175,-5105.95,-28.1595569431],[1616601600000,24961.48,24924.15,-141.36,-0.779607119,-5247.31,-28.9391640622],[1616688000000,24976.78,24490.74,-756.14,-4.1701480404,-6003.45,-33.1093121026],[1616947200000,25014.85,24797.07,321.63,1.7738047375,-5681.82,-31.3355073651],[1617033600000,25322.64,25382.38,525.53,2.8983229292,-5156.29,-28.4371844359],[1617120000000,25480.84,25181.37,-100.3,-0.5531592674,-5256.59,-28.9903437033],[1617206400000,25522.17,24948.62,-323.86,-1.7861032935,-5580.45,-30.7764469968],[1617292800000,26190.57,25812.16,883.74,4.8738681054,-4696.71,-25.9025788914],[1617552000000,26039.83,25732.4,546.43,3.0135874226,-4150.28,-22.8889914688],[1617638400000,26165.85,25970.69,235.87,1.3008342612,-3914.41,-21.5881572075],[1617724800000,26179.74,26008.57,-39.53,-0.2180098289,-3953.94,-21.8061670365],[1617811200000,26227.7,25874.97,-147.49,-0.8134143604,-4101.43,-22.6195813969],[1617897600000,26285.96,26032.91,152.06,0.8386181276,-3949.37,-21.7809632692],[1618156800000,26369.24,26254.2,190.67,1.0515541128,-3758.7,-20.7294091564],[1618243200000,26426.48,26232.27,-67.57,-0.3726517617,-3826.27,-21.1020609181],[1618329600000,26342.76,25880.25,-329.35,-1.8163809045,-4155.62,-22.9184418226],[1618416000000,26808.0,26354.18,583.33,3.2170926765,-3572.29,-19.7013491461],[1618502400000,26844.93,26427.35,496.3,2.7371180899,-3075.99,-16.9642310562],[1618761600000,26636.81,26123.74,-303.61,-1.674423581,-3379.6,-18.6386546372],[1618848000000,26671.61,26349.05,14.91,0.0822293587,-3364.69,-18.5564252786],[1618934400000,26550.18,25780.06,-603.79,-3.329930549,-3968.48,-21.8863558276],[1619020800000,26948.0,26693.48,791.99,4.3678624944,-3176.49,-17.5184933331],[1619107200000,27322.8,26514.05,-577.25,-3.1835611875,-3753.74,-20.7020545207],[1619366400000,27432.8,26725.91,566.83,3.1260943922,-3186.91,-17.5759601284],[1619452800000,27458.36,26653.92,-151.25,-0.8341509391,-3338.16,-18.4101110675],[1619539200000,27343.41,26279.76,-374.16,-2.0635101844,-3712.32,-20.4736212519],[1619625600000,27399.97,26669.57,434.85,2.398218419,-3277.47,-18.0754028329],[1619712000000,27529.2,27342.97,688.07,3.794738755,-2589.4,-14.2806640779],[1619971200000,27735.57,27165.69,-85.13,-0.4694959964,-2674.53,-14.7501600743],[1620057600000,27802.76,27542.25,170.19,0.9386059394,-2504.34,-13.8115541349],[1620144000000,27867.31,27541.39,-0.86,-0.0047429409,-2505.2,-13.8162970758],[1620230400000,27946.9,27374.04,-127.69,-0.7042164193,-2632.89,-14.520513495],[1620316800000,27503.43,27008.41,-367.04,-2.0242430459,-2999.93,-16.544756541],[1620576000000,27625.52,27259.85,719.11,3.9659258303,-2280.82,-12.5788307107],[1620662400000,27690.08,27308.87,49.02,0.27034763,-2231.8,-12.3084830807],[1620748800000,27704.75,26684.15,-596.85,-3.2916561191,-2828.65,-15.6001391998],[1620835200000,26357.13,23688.19,-2943.35,-16.2327151517,-5772.0,-31.8328543515],[1620921600000,23710.72,17828.02,-4488.28,-24.7530775344,-10260.28,-56.5859318859],[1621180800000,27571.01,19324.38,1496.36,8.2524965241,-8763.92,-48.3334353617],[1621267200000,17504.66,11777.29,-7547.09,-41.622560074,-16311.01,-89.9559954357],[1621353600000,4965.06,3557.25,-8852.66,-48.8228406797,-25163.67,-138.7788361154],[1621440000000,4965.06,2112.4,-1444.85,-7.9684164258,-26608.52,-146.7472525412],[1621526400000,4965.06,3391.41,1279.01,7.0538009432,-25329.51,-139.693451598],[1621785600000,4965.06,2945.54,-445.87,-2.4589942428,-25775.38,-142.1524458409],[1621872000000,4965.06,3043.14,97.6,0.5382686391,-25677.78,-141.6141772018],[1621958400000,4965.06,2940.13,-103.01,-0.5681050462,-25780.79,-142.182282248],[1622044800000,4965.06,3063.32,123.19,0.6793987054,-25657.6,-141.5028835426],[1622131200000,4965.06,4143.09,1079.77,5.954982873,-24577.83,-135.5479006696],[1622390400000,4965.06,3494.2,-648.89,-3.5786591927,-25226.72,-139.1265598623],[1622476800000,4965.06,2655.93,-838.27,-4.6230988942,-26064.99,-143.7496587564],[1622563200000,4965.06,2655.58,-0.35,-0.0019302666,-26065.34,-143.7515890231],[1622649600000,6750.08,6259.77,3604.19,19.8772791623,-22461.15,-123.8743098607],[1622736000000,6839.59,6060.23,-1984.56,-10.944942729,-24445.71,-134.8192525897],[1622995200000,6849.42,6033.4,1.07,0.0059011009,-24444.64,-134.8133514889],[1623081600000,6852.62,6600.67,557.44,3.0743080959,-23887.2,-131.7390433929],[1623168000000,6874.43,6080.77,-519.9,-2.8672732116,-24407.1,-134.6063166045],[1623254400000,6809.11,6013.48,-64.5,-0.3557205658,-24471.6,-134.9620371703],[1623340800000,6831.45,5652.6,-252.42,-1.3921082979,-24724.02,-136.3541454682],[1623600000000,7321.22,5612.71,-39.89,-0.219995246,-24763.91,-136.5741407142],[1623686400000,7342.79,5555.62,-57.09,-0.3148540636,-24821.0,-136.8889947778],[1623772800000,4110.25,7781.97,2243.27,12.3717406758,-22577.73,-124.517254102],[1623859200000,6167.34,3098.16,-4684.08,-25.8329238411,-27261.81,-150.350177943],[1623945600000,6167.34,3560.68,462.52,2.5508197842,-26799.29,-147.7993581588],[1624204800000,956.78,868.86,-2691.82,-14.8455152461,-29491.11,-162.6448734048],[1624291200000,1004.72,1453.78,5824.34,32.1215119393,-23666.77,-130.5233614656],[1624377600000,2477.09,2339.78,886.0,4.8863321129,-22780.77,-125.6370293527]]}