{"columns":["date","balance","equity","profit","prifit_ratio","cum_profit","cum_profit_ratio"],"index":[0,1,2,3,4,5,6,0],"data":[[1612454400000,10874.72,10873.92,55.47,0.5127351885,55.47,0.5127351885],[1612713600000,10902.5,10887.85,-1.61,-0.014881984,53.86,0.4978532045],[1612800000000,10943.52,10855.62,-24.57,-0.227112017,29.29,0.2707411875],[1612886400000,10973.57,10843.8,-20.89,-0.1930960535,8.4,0.077645134],[1612972800000,11011.36,10892.03,43.12,0.3985783546,51.52,0.4762234886],[1613059200000,11096.79,11022.38,117.63,1.0873091802,169.15,1.5635326687],[1613318400000,11121.92,10991.23,-37.47,-0.3463527585,131.68,1.2171799102],[1613404800000,11144.13,11030.43,53.41,0.4936936437,185.09,1.710873554]]}