{"columns":["date","balance","equity","profit","prifit_ratio","cum_profit","cum_profit_ratio"],"index":[1,2,3,4,5,6,7,8,9,10,11,12,13,14,15,16,17,18,19,20,21,22,23,24,25,26,27,28,29,30,31,32,33,34,35,36,37,38,0],"data":[[1612454400000,8391.56,10295.36,1726.53,20.1489584926,1726.53,20.1489584926],[1612713600000,8396.36,10167.94,-130.66,-1.524828944,1595.87,18.6241295486],[1612800000000,8471.24,9996.44,-176.3,-2.0574570857,1419.57,16.5666724629],[1612886400000,8498.23,10138.46,142.02,1.6574024692,1561.59,18.2240749321],[1612972800000,8498.23,9887.39,-251.07,-2.9300382899,1310.52,15.2940366421],[1613059200000,8531.11,9887.14,-0.25,-0.0029175512,1310.27,15.2911190909],[1613318400000,8531.11,9778.61,-108.53,-1.2665673143,1201.74,14.0245517766],[1613404800000,8531.11,10038.49,259.88,3.0328527932,1461.62,17.0574045698],[1613491200000,8560.27,10214.87,176.38,2.0583907021,1638.0,19.1157952719],[1613577600000,8614.67,10154.69,-60.18,-0.7023129179,1577.82,18.4134823541],[1614096000000,7251.6,9189.22,491.65,5.7376561328,2069.47,24.1511384868],[1614182400000,7190.51,8840.1,-383.04,-4.4701552021,1686.43,19.6809832848],[1614268800000,6916.63,8745.54,-155.65,-1.816467359,1530.78,17.8645159257],[1614528000000,7165.04,8828.41,439.07,5.1240367705,1969.85,22.9885526962],[1614614400000,7312.08,8822.91,-3120.54,-36.4173405237,-1150.69,-13.4287878275],[1614700800000,7263.8,9004.0,3296.13,38.4665117641,2145.44,25.0377239366],[1614787200000,7365.79,8430.53,-543.91,-6.3475410295,1601.53,18.6901829071],[1614873600000,6995.38,8909.88,409.54,4.7794156262,2011.07,23.4695985333],[1615132800000,8328.02,10269.29,1181.6,13.7895138543,3192.67,37.2591123876],[1615219200000,8374.04,10116.88,-1313.02,-15.3232121538,1879.65,21.9359002338],[1615305600000,8403.39,10135.47,18.8,0.2193998481,1898.45,22.1553000818],[1615392000000,8244.83,9817.19,-328.68,-3.8357628754,1569.77,18.3195372064],[1615478400000,8747.75,10634.44,646.72,7.5473547731,2216.49,25.8668919794],[1615737600000,8698.56,10613.05,-455.43,-5.3149613191,1761.06,20.5519306603],[1615824000000,8737.42,10622.2,15.32,0.1787875358,1776.38,20.7307181961],[1615910400000,8830.33,10773.9,127.16,1.4839832276,1903.54,22.2147014236],[1615996800000,8947.62,10739.92,-40.84,-0.4766111593,1862.7,21.7380902644],[1616083200000,8988.77,10619.44,-1799.66,-21.0024005611,63.04,0.7356897033],[1616342400000,8997.36,10705.79,91.33,1.0658397938,154.37,1.801529497],[1616428800000,8924.28,10543.03,-162.76,-1.8994425143,-8.39,-0.0979130173],[1616515200000,9162.09,10838.87,289.86,3.3827255296,281.47,3.2848125123],[1616601600000,9200.75,10838.33,-18.23,-0.2127478314,263.24,3.0720646809],[1616688000000,9144.91,10862.64,24.31,0.2837026759,287.55,3.3557673568],[1616947200000,9134.94,10812.78,-109.52,-1.278120817,178.03,2.0776465398],[1617033600000,9101.88,10834.74,21.96,0.2562776949,199.99,2.3339242347],[1617120000000,9201.51,11036.15,265.19,3.0948215801,465.18,5.4287458148],[1617206400000,9265.39,10983.31,-40.02,-0.4670415914,425.16,4.9617042233],[1617292800000,9474.31,11232.79,223.58,2.6092243632,648.74,7.5709285865],[1617552000000,9475.86,11213.29,-10.68,-0.124637786,638.06,7.4462908005]]}