{"columns":["date","balance","equity","profit","prifit_ratio","cum_profit","cum_profit_ratio"],"index":[0,1,2,3,4,0],"data":[[1612454400000,8391.56,10295.36,-45.16,-0.4367285204,-45.16,-0.4367285204],[1612713600000,8396.36,10167.94,-130.66,-1.2635728184,-175.82,-1.7003013388],[1612800000000,8471.24,9996.44,-176.3,-1.7049432717,-352.12,-3.4052446105],[1612886400000,8498.23,10138.46,142.02,1.373431897,-210.1,-2.0318127135],[1612972800000,8498.23,9887.39,-251.07,-2.428021028,-461.17,-4.4598337414],[1613059200000,8531.11,9887.14,-0.25,-0.0024176734,-461.42,-4.4622514148]]}