{"columns":["date","balance","equity","profit","prifit_ratio","cum_profit","cum_profit_ratio"],"index":[0,1,2,3,4,5,6,7,8,9,10,11,12,13,14,15,16,17,18,19,0],"data":[[1612454400000,8391.56,10295.36,-45.16,-0.4367285204,-45.16,-0.4367285204],[1612713600000,8396.36,10167.94,-130.66,-1.2635728184,-175.82,-1.7003013388],[1612800000000,8471.24,9996.44,-176.3,-1.7049432717,-352.12,-3.4052446105],[1612886400000,8498.23,10138.46,142.02,1.373431897,-210.1,-2.0318127135],[1612972800000,8498.23,9887.39,-251.07,-2.428021028,-461.17,-4.4598337414],[1613059200000,8531.11,9887.14,-0.25,-0.0024176734,-461.42,-4.4622514148],[1613318400000,8531.11,9778.61,-108.53,-1.0495603703,-569.95,-5.5118117851],[1613404800000,8531.11,10038.49,259.88,2.5132198381,-310.07,-2.998591947],[1613491200000,8560.27,10214.87,176.38,1.7057169272,-133.69,-1.2928750198],[1613577600000,8614.67,10154.69,-60.18,-0.5819823374,-193.87,-1.8748573573],[1614096000000,7251.6,9189.22,491.65,4.7545964806,297.78,2.8797391234],[1614182400000,7190.51,8840.1,-383.04,-3.7042624549,-85.26,-0.8245233315],[1614268800000,6916.63,8745.54,-155.65,-1.50524345,-240.91,-2.3297667816],[1614528000000,7165.04,8828.41,439.07,4.2461114141,198.16,1.9163446326],[1614614400000,7312.08,8822.91,-3120.54,-30.1777860301,-2922.38,-28.2614413975],[1614700800000,7263.8,9004.0,3296.13,31.8758631094,373.75,3.6144217119],[1614787200000,7365.79,8430.53,-543.91,-5.2599869252,-170.16,-1.6455652134],[1614873600000,6995.38,8909.88,409.54,3.9605358338,239.38,2.3149706204],[1615132800000,8328.02,10269.29,1181.6,11.426891491,1420.98,13.7418621114],[1615219200000,8374.04,10116.88,-1313.02,-12.6978140364,107.96,1.044048075],[1615305600000,8403.39,10135.47,18.8,0.1818090386,126.76,1.2258571136]]}