{"columns":["date","balance","equity","profit","prifit_ratio","cum_profit","cum_profit_ratio"],"index":[0,1,2,3,4,5,6,7,8,0],"data":[[1612454400000,8391.56,10295.36,-45.16,-0.4367285204,-45.16,-0.4367285204],[1612713600000,8396.36,10167.94,-130.66,-1.2635728184,-175.82,-1.7003013388],[1612800000000,8471.24,9996.44,-176.3,-1.7049432717,-352.12,-3.4052446105],[1612886400000,8498.23,10138.46,142.02,1.373431897,-210.1,-2.0318127135],[1612972800000,8498.23,9887.39,-251.07,-2.428021028,-461.17,-4.4598337414],[1613059200000,8531.11,9887.14,-0.25,-0.0024176734,-461.42,-4.4622514148],[1613318400000,8531.11,9778.61,-108.53,-1.0495603703,-569.95,-5.5118117851],[1613404800000,8531.11,10038.49,259.88,2.5132198381,-310.07,-2.998591947],[1613491200000,8560.27,10214.87,176.38,1.7057169272,-133.69,-1.2928750198],[1613577600000,8614.67,10154.69,-60.18,-0.5819823374,-193.87,-1.8748573573]]}