{"columns":["date","balance","equity","profit","prifit_ratio","cum_profit","cum_profit_ratio"],"index":[0],"data":[[-28800000,8988.77,10786.38,-1771.69,-14.1079799683,-1771.69,-14.1079799683]]}